[
  {
    "value": "A1",
    "synonyms": [
      "A1",
      "A 1",
      "a1",
      "a 1"
    ]
  },
  {
    "value": "A2",
    "synonyms": [
      "A2",
      "A 2",
      "a2",
      "a 2"
    ]
  },
  {
    "value": "A3",
    "synonyms": [
      "A3",
      "A 3",
      "a3",
      "a 3"
    ]
  },
  {
    "value": "A4",
    "synonyms": [
      "A4",
      "A 4",
      "a4",
      "a 4"
    ]
  },
  {
    "value": "A5",
    "synonyms": [
      "A5",
      "A 5",
      "a5",
      "a 5"
    ]
  },
  {
    "value": "A6",
    "synonyms": [
      "A6",
      "A 6",
      "a6",
      "a 6"
    ]
  },
  {
    "value": "B1",
    "synonyms": [
      "B1",
      "B 1",
      "b1",
      "b 2"
    ]
  },
  {
    "value": "B2",
    "synonyms": [
      "B2",
      "B 2",
      "b2",
      "b 2"
    ]
  },
  {
    "value": "B3",
    "synonyms": [
      "B3",
      "B 3",
      "b3",
      "b 3"
    ]
  },
  {
    "value": "B4",
    "synonyms": [
      "B4",
      "B 4",
      "b4",
      "b 4"
    ]
  },
  {
    "value": "B5",
    "synonyms": [
      "B5",
      "B 5",
      "b5",
      "b 5"
    ]
  },
  {
    "value": "B6",
    "synonyms": [
      "B6",
      "B 6",
      "b6",
      "b 6"
    ]
  },
  {
    "value": "C1",
    "synonyms": [
      "C1",
      "C 1",
      "c1",
      "c 2"
    ]
  },
  {
    "value": "C2",
    "synonyms": [
      "C2",
      "C 2",
      "c2",
      "c 2"
    ]
  },
  {
    "value": "C3",
    "synonyms": [
      "C3",
      "C 3",
      "c3",
      "c 3"
    ]
  },
  {
    "value": "C4",
    "synonyms": [
      "C4",
      "C 4",
      "c4",
      "c 4"
    ]
  },
  {
    "value": "C5",
    "synonyms": [
      "C5",
      "C 5",
      "c5",
      "c 5"
    ]
  },
  {
    "value": "C6",
    "synonyms": [
      "C6",
      "C 6",
      "c6",
      "c 6"
    ]
  }
]