[
  {
    "id": "a20dbdcb-b92b-4e55-9029-6e3a7bbfb9d5",
    "data": [
      {
        "text": "Na",
        "userDefined": false
      }
    ],
    "isTemplate": false,
    "count": 0,
    "lang": "en",
    "updated": 0
  },
  {
    "id": "5e0d3a99-792c-43ea-a495-a5f2b2e628fa",
    "data": [
      {
        "text": "Not needed",
        "userDefined": false
      }
    ],
    "isTemplate": false,
    "count": 0,
    "lang": "en",
    "updated": 0
  },
  {
    "id": "72dd2862-8f6e-41dd-bce5-2f15270a76e5",
    "data": [
      {
        "text": "Not",
        "userDefined": false
      }
    ],
    "isTemplate": false,
    "count": 0,
    "lang": "en",
    "updated": 0
  },
  {
    "id": "47e761e3-8abb-41aa-89e0-3c45c7c94c49",
    "data": [
      {
        "text": "Nahi",
        "userDefined": false
      }
    ],
    "isTemplate": false,
    "count": 0,
    "lang": "en",
    "updated": 0
  },
  {
    "id": "826fcabd-67d4-4589-971b-077c30eb0fbd",
    "data": [
      {
        "text": "Nope",
        "userDefined": false
      }
    ],
    "isTemplate": false,
    "count": 0,
    "lang": "en",
    "updated": 0
  },
  {
    "id": "06b8e592-1cb4-4ede-9955-dda0cbadaf25",
    "data": [
      {
        "text": "no",
        "userDefined": false
      }
    ],
    "isTemplate": false,
    "count": 1,
    "lang": "en",
    "updated": 0
  }
]