[
  {
    "id": "3c0bf435-1823-41e9-adfa-e2215f2664e0",
    "data": [
      {
        "text": "from ",
        "userDefined": false
      },
      {
        "text": "Kolkata",
        "meta": "@sys.geo-city",
        "alias": "Origin",
        "userDefined": false
      }
    ],
    "isTemplate": false,
    "count": 0,
    "lang": "en",
    "updated": 0
  },
  {
    "id": "25464fca-3229-4e21-82b5-3e6bfbb8aa56",
    "data": [
      {
        "text": "Pune",
        "meta": "@sys.geo-city",
        "alias": "Origin",
        "userDefined": true
      }
    ],
    "isTemplate": false,
    "count": 0,
    "lang": "en",
    "updated": 0
  }
]