[
  {
    "id": "ab77daa4-b716-4135-abe8-ac9a688390c1",
    "data": [
      {
        "text": "done for now",
        "userDefined": false
      }
    ],
    "isTemplate": false,
    "count": 0,
    "lang": "en",
    "updated": 0
  },
  {
    "id": "5f9139fa-9173-4d65-9d2a-afccd2721d58",
    "data": [
      {
        "text": "NaN",
        "userDefined": false
      }
    ],
    "isTemplate": false,
    "count": 0,
    "lang": "en",
    "updated": 0
  },
  {
    "id": "37d1e093-9d93-4c4c-b002-4f94f82aee96",
    "data": [
      {
        "text": "Nah",
        "userDefined": false
      }
    ],
    "isTemplate": false,
    "count": 0,
    "lang": "en",
    "updated": 0
  },
  {
    "id": "c30acda4-8051-4598-bb9d-ce699fb22ac3",
    "data": [
      {
        "text": "Nope",
        "userDefined": false
      }
    ],
    "isTemplate": false,
    "count": 0,
    "lang": "en",
    "updated": 0
  },
  {
    "id": "1d4a03d2-c5bd-4834-a8eb-ccb8bddd08b2",
    "data": [
      {
        "text": "not required",
        "userDefined": false
      }
    ],
    "isTemplate": false,
    "count": 0,
    "lang": "en",
    "updated": 0
  },
  {
    "id": "0ded9314-62ae-437e-bcf6-1637506bf232",
    "data": [
      {
        "text": "Not Needed",
        "userDefined": false
      }
    ],
    "isTemplate": false,
    "count": 0,
    "lang": "en",
    "updated": 0
  },
  {
    "id": "2247705d-af5b-4767-8ba1-e13c2b66d973",
    "data": [
      {
        "text": "No",
        "userDefined": false
      }
    ],
    "isTemplate": false,
    "count": 0,
    "lang": "en",
    "updated": 0
  }
]